,mean_X,deletion,svt_X,knn_X,em_X
er1,2298.942068065466,1.2353611015252855e-17,4064.6403140776724,903.1372463181663,1387.3290532928013
er2,47.930184872055484,2.2272371435403073e-09,63.74195711788258,30.040381843465042,37.230968951482765
time,0.07979910373687744,0.00890810489654541,0.014776301383972169,127.60541002750396,15.510114169120788
